[{"categoryString":"EXTENSION","dateBuilt":"2024-11-21T03:18:20+0100","nonVisible":"true","iconName":"data:image/png;base64,iVBORw0KGgoAAAANSUhEUgAAABIAAAASCAQAAAD8x0bcAAAARUlEQVQoz2NgoCbgYXDAA3kgiowZ/uOBxhBFkgz1eKAkCW5SY9iPB6qR4CY2BgU8kI0ERURZR5TDiQJEBSZRbiIqgqkDAASJZ+2np9zWAAAAAElFTkSuQmCC","methods":[{"deprecated":"false","name":"FilterBarHintTextColor","description":"Change the hint text color in the search box.","params":[{"name":"color","type":"number"},{"name":"listView","type":"component"}]},{"deprecated":"false","name":"FilterBarTextColor","description":"Change the text color in the search box.","params":[{"name":"color","type":"number"},{"name":"listView","type":"component"}]},{"deprecated":"false","name":"FilterBarBackgroundColor","description":"Change the background color in the search box.","params":[{"name":"color","type":"number"},{"name":"listView","type":"component"}]},{"deprecated":"false","name":"FilterBarTextSize","description":"Change the text size in the search box.","params":[{"name":"size","type":"number"},{"name":"listView","type":"component"}]},{"deprecated":"false","name":"MultiSelect","description":"Enables multiple item selection mode.","params":[{"name":"enable","type":"boolean"},{"name":"listView","type":"component"}]},{"deprecated":"false","name":"JumpTo","description":"Scroll to a list item without animation.","params":[{"name":"position","type":"number"},{"name":"listView","type":"component"}]},{"deprecated":"false","name":"PositionPx","description":"Returns the list scroll position in pixels.","params":[{"name":"listView","type":"component"}],"returnType":"number"},{"deprecated":"false","name":"JumpToPx","description":"Scroll to a position in PX, without animation.","params":[{"name":"positionPx","type":"number"},{"name":"listView","type":"component"}]},{"deprecated":"false","name":"Position","description":"Returns the list scroll position.","params":[{"name":"listView","type":"component"}],"returnType":"number"},{"deprecated":"false","name":"ScrollTo","description":"Scroll to a list item with animation.","params":[{"name":"position","type":"number"},{"name":"listView","type":"component"}]},{"deprecated":"false","name":"Reverse","description":"Reverse the order of list items. The highest index will be at the top of the list.","params":[{"name":"reverse","type":"boolean"},{"name":"listView","type":"component"}]},{"deprecated":"false","name":"DetectLongPress","description":"Set long press detection. The LongPress event will be triggered.","params":[{"name":"listView","type":"component"}]},{"deprecated":"true","name":"SearchHintText","description":"Deprecated. Use the property in ListView. Change the hint text in the search box.","params":[{"name":"text","type":"text"},{"name":"listView","type":"component"}]},{"deprecated":"true","name":"BackgroundColorUnderItems","description":"Deprecated. Use the property in ListView. Set the color of the background that is under the list items.","params":[{"name":"color","type":"number"},{"name":"listView","type":"component"}]},{"deprecated":"true","name":"AddClassicDividers","description":"Deprecated. Use the property in ListView. Add linear dividers in a classic ListView.","params":[{"name":"color","type":"number"},{"name":"height","type":"number"},{"name":"listView","type":"component"}]},{"deprecated":"true","name":"Orientation","description":"Deprecated. Use the property in ListView. Change list view orientations. Fixes the original ListView property.","params":[{"helper":{"data":{"defaultOpt":"Horizontal","underlyingType":"java.lang.Integer","options":[{"deprecated":"false","name":"Horizontal","description":"Option for Horizontal","value":"1"},{"deprecated":"false","name":"Vertical","description":"Option for Vertical","value":"0"}],"className":"pl.listviewplus.helpers.Orientation","tag":"Orientation","key":"Orientation"},"type":"OPTION_LIST"},"name":"orientation","type":"number"},{"name":"listView","type":"component"}]},{"deprecated":"true","name":"DecorateItems","description":"Deprecated. Use the property in ListView. Set rounded corners and margins for each item in the list.","params":[{"name":"cornerRadius","type":"number"},{"name":"margins","type":"any"},{"name":"listView","type":"component"}]}],"blockProperties":[],"helpUrl":"https://community.appinventor.mit.edu/t/listviewplus-additional-methods-for-the-listview-component/84653","licenseName":"","type":"pl.listviewplus.ListViewPlus","versionName":"3.0","androidMinSdk":"7","version":"4","external":"true","showOnPalette":"true","name":"ListViewPlus","helpString":"An extension that adds some new features to the ListView component. Developed by Patryk_F by Fast.","properties":[],"events":[{"deprecated":"false","name":"LongPress","description":"Event triggered when you long press on a list item.","params":[{"name":"index","type":"number"},{"name":"listView","type":"component"}]}]}]