[{
 "categoryString": "EXTENSION",
 "dateBuilt": "2022-04-09T07:42:52-0600",
 "nonVisible": "true",
 "iconName": "https://puravidaapps.com/images/taifun16.png",
 "methods": [
  {
   "deprecated": "false",
   "name": "Pause",
   "description": "pause current playing session",
   "params": []
  },
  {
   "deprecated": "false",
   "name": "Start",
   "description": "Start from the beginning. If the player is in status PAUSED, the playing is resumed.",
   "params": []
  },
  {
   "deprecated": "false",
   "name": "StartAt",
   "description": "Start at a given position. Precondition: player must be in status PLAYING or PAUSED and position must be < duration.",
   "params": [{
    "name": "position",
    "type": "number"
   }]
  },
  {
   "deprecated": "false",
   "name": "Stop",
   "description": "Stops playing the media",
   "params": []
  },
  {
   "deprecated": "false",
   "name": "Vibrate",
   "description": "Vibrates for specified number of milliseconds.",
   "params": [{
    "name": "milliseconds",
    "type": "number"
   }]
  }
 ],
 "blockProperties": [
  {
   "rw": "read-only",
   "deprecated": "false",
   "name": "CurrentPosition",
   "description": "Returns the current position of the currently playing audio file. Player must be in status PLAYING or PAUSED to be able to return the current position.",
   "type": "number"
  },
  {
   "rw": "read-only",
   "deprecated": "false",
   "name": "Duration",
   "description": "Returns the duration of the currently playing audio file Player must be in status PLAYING or PAUSED to be able to return the duration.",
   "type": "number"
  },
  {
   "rw": "read-only",
   "deprecated": "false",
   "name": "IsPlaying",
   "description": "Reports whether the media is playing",
   "type": "boolean"
  },
  {
   "rw": "read-write",
   "deprecated": "false",
   "name": "Loop",
   "description": "If true, the player will loop when it plays. Setting Loop while the player is playing will affect the current playing.",
   "type": "boolean"
  },
  {
   "rw": "read-write",
   "deprecated": "false",
   "name": "PlayOnlyInForeground",
   "description": "If true, the player will pause playing when leaving the current screen; if false (default option), the player continues playing whenever the current screen is displaying or not.",
   "type": "boolean"
  },
  {
   "rw": "read-write",
   "deprecated": "false",
   "name": "Source",
   "description": "Returns the path to the audio source",
   "type": "text"
  },
  {
   "rw": "read-write",
   "deprecated": "false",
   "name": "SuppressWarnings",
   "description": "whether Warnings should be suppressed",
   "type": "boolean"
  },
  {
   "rw": "read-write",
   "deprecated": "false",
   "name": "Volume",
   "description": "Sets the volume to a number between 0 and 100",
   "type": "number"
  }
 ],
 "helpUrl": "",
 "licenseName": "",
 "type": "com.puravidaapps.TaifunPlayer",
 "androidMinSdk": 16,
 "version": "1",
 "external": "true",
 "showOnPalette": "true",
 "name": "TaifunPlayer",
 "helpString": "Enhanced Player Extension. Version 1g as of 2022-04-09.",
 "properties": [
  {
   "defaultValue": "False",
   "name": "Loop",
   "editorArgs": [],
   "editorType": "boolean"
  },
  {
   "defaultValue": "False",
   "name": "PlayOnlyInForeground",
   "editorArgs": [],
   "editorType": "boolean"
  },
  {
   "defaultValue": "",
   "name": "Source",
   "editorArgs": [],
   "editorType": "asset"
  },
  {
   "defaultValue": "false",
   "name": "SuppressWarnings",
   "editorArgs": [],
   "editorType": "boolean"
  },
  {
   "defaultValue": "50",
   "name": "Volume",
   "editorArgs": [],
   "editorType": "non_negative_float"
  }
 ],
 "events": [
  {
   "deprecated": "false",
   "name": "Completed",
   "description": "This event indicates, that media has reached the end",
   "params": []
  },
  {
   "deprecated": "false",
   "name": "Looped",
   "description": "This event fires when loop has been triggered",
   "params": []
  },
  {
   "deprecated": "false",
   "name": "OtherPlayerStarted",
   "description": "This event is signaled when another player has started (and the current player is playing or paused, but not stopped).",
   "params": []
  }
 ]
}]